0,CombatZoneResize,239,226,404,391,TLResume,,,
0,HeartTeleport,320,304,,,,,,
0,TLPause
0,sanshead,BlueEye
0,SET,Loop,10,,,
0,SUB,Loop,$Loop,1,,
0,RND,Direction,4,,,
0,ADD,Jump,$Direction,1,,
0,JMPREL,$Jump,,,,
0,JMPREL,4,,,,
0,JMPREL,5,,,,
0,JMPREL,6,,,,
0,JMPREL,7,,,,
0,SansBody,HandRight,,,,
0,JMPREL,7,,,,
0,SansBody,HandDown,,,,
0,JMPREL,5,,,,
0,SansBody,HandLeft,,,,
0,JMPREL,3,,,,
0,SansBody,HandUp,,,,
0,JMPREL,1,,,,
0.26666,SansSlam,$Direction,,,,
0.2,BoneStab,0,30,0.4
0,BoneStab,1,30,0.4
0,BoneStab,2,30,0.4
0,BoneStab,3,30,0.4
0,GetHeartPos,HeartX,HeartY
0,JMPREL,$Jump,,,,
0,JMPREL,4,,,,
0,JMPREL,6,,,,
0,JMPREL,8,,,,
0,JMPREL,10,,,,
0,Angle,Ang,189,308,$HeartX,$HeartY
0,Gasterblaster,0,0,308,189,308,$Ang,0,-0.1
0,JMPREL,3,,,,
0,Angle,Ang,321,176,$HeartX,$HeartY
0,Gasterblaster,0,321,0,321,176,$Ang,0,-0.1
0,JMPREL,3,,,,
0,Angle,Ang,454,308,$HeartX,$HeartY
0,Gasterblaster,0,640,308,454,308,$Ang,0,-0.1
0,JMPREL,3,,,,
0,Angle,Ang,321,441,$HeartX,$HeartY
0,Gasterblaster,0,321,480,321,441,$Ang,0,-0.1
0.4,JMPRELNZ,-38,$Loop,,,
0,SansAnimation,Idle
0,heartmode,0
1,bonevrepeat,229,216,45,0,240,140,15
0,bonevrepeat,414,356,45,2,240,140,15
0,bonehrepeat,229,216,45,1,240,140,15
0,bonehrepeat,369,356,45,3,240,140,15
0.36666,SET,gt,36,,,,,,
0,SET,gt2,27,,,,,,
0,MUL,Ang,$gt,-10,,,,,
0,COS,X,$Ang,,,,,,
0,SIN,Y,$Ang,,,,,,
0,MUL,EndX,$X,250,,,,,
0,MUL,EndY,$Y,250,,,,,
0,MUL,X,$EndX,3,,,,,
0,MUL,Y,$EndY,3,,,,,
0,ADD,X,$X,320,,,,,
0,ADD,Y,$Y,306,,,,,
0,ADD,EndX,$EndX,320,,,,,
0,ADD,EndY,$EndY,306,,,,,
0,ADD,Ang,$Ang,180,,,,,
0,GasterBlaster,0,$X,$Y,$EndX,$EndY,$Ang,0.5,0,0
0,MUL,Ang,$gt2,-10,,,,,
0,COS,X,$Ang,,,,,,
0,SIN,Y,$Ang,,,,,,
0,MUL,EndX,$X,350,,,,,
0,MUL,EndY,$Y,350,,,,,
0,MUL,X,$EndX,3,,,,,
0,MUL,Y,$EndY,3,,,,,
0,ADD,X,$X,320,,,,,
0,ADD,Y,$Y,306,,,,,
0,ADD,EndX,$EndX,320,,,,,
0,ADD,EndY,$EndY,306,,,,,
0,ADD,Ang,$Ang,180,,,,,
0,Gasterblaster,0,$X,$Y,$EndX,$EndY,$Ang,0.5,0,0
0,ADD,gt,$gt,1.5,,,,,
0,ADD,gt2,$gt2,1.5,,,,,
0.06666,JMPRELL,-28,$gt,220,,,,,
0.4,Set,Loop,15
0,Set,Delay,0.266
0,Set,Blast,0.1666
0,Set,Wait,0.6
$Wait,GasterBlaster,1,0,0,189,308,0,$Delay,$Blast
0,GasterBlaster,1,0,0,321,166,90,$Delay,$Blast
0,GasterBlaster,1,640,480,449,308,180,$Delay,$Blast
0,GasterBlaster,1,640,480,321,446,270,$Delay,$Blast
$Wait,GasterBlaster,1,0,0,189,176,45,$Delay,$Blast
0,GasterBlaster,1,640,0,449,176,135,$Delay,$Blast
0,GasterBlaster,1,640,480,449,436,225,$Delay,$Blast
0,GasterBlaster,1,0,480,189,436,315,$Delay,$Blast
$Wait,GasterBlaster,1,0,0,189,246,0,$Delay,$Blast
0,GasterBlaster,1,0,0,259,166,90,$Delay,$Blast
0,GasterBlaster,1,640,480,449,366,180,$Delay,$Blast
0,GasterBlaster,1,640,480,379,446,270,$Delay,$Blast
0,Sub,Loop,$Loop,1
0,Sub,Delay,$Delay,0.014
0,Sub,Blast,$Blast,0.011
0,Sub,Wait,$Wait,0.02
0,JMPRELNZ,-16,$Loop
0,Dialogue,1,After Blaster Ring Hard
0.2,GasterBlaster,1,0,0,189,308,0,10,0
0,GasterBlaster,1,0,0,321,166,90,10,0
0,GasterBlaster,1,640,480,449,308,180,10,0
0,GasterBlaster,1,640,480,321,446,270,10,0
0.2,GasterBlaster,1,0,0,189,176,45,10,0
0,GasterBlaster,1,640,0,449,176,135,10,0
0,GasterBlaster,1,640,480,449,436,225,10,0
0,GasterBlaster,1,0,480,189,436,315,10,0